,Keyword,Status,Page,Title,Link,Id,Date,Facebook Link,Image,Video
0,dog,Active,"Devin's Dog Days
Sponsored","The perfect Collar Accessories for you Spooky Pups & Kitties! Visit DevinsDogDays.com to get your Halloween Vibes on üëªüñ§üéÉ
.
.
#halloween #halloweencostume #halloweendecor #halloweencostumes #halloweenspirit #halloweenlover #spooky #spookyseason #spooktacular #halloweendog #halloweendogs #halloweencatsofinstagram #halloweencat #halloweencats #spiders #spiderwebs #petaccessories #petapparel #petcostume",DEVINSDOGDAYS.COM,ID: 423394039774112,"Started running on Sep 1, 2022",https://www.facebook.com/DevinsDogDays/,https://scontent.fktm6-1.fna.fbcdn.net/v/t39.35426-6/304969645_1118645698762163_1233138906892529702_n.jpg?stp=dst-jpg_s600x600&_nc_cat=108&ccb=1-7&_nc_sid=cf96c8&_nc_ohc=94hl23hUM1MAX9jr79n&_nc_ht=scontent.fktm6-1.fna&oh=00_AT-28xpuA9j4gNYHVVS8icVJDGlWPUTl1SYsIc9Bes8pIw&oe=63162A2F,
1,dog,Active,"The Farmer's Dog
Sponsored","Life, liberty, and the pursuit of healthiness.",,ID: 404634408407779,"Started running on Sep 1, 2022",https://www.facebook.com/thefarmersdog/,https://scontent.fktm6-1.fna.fbcdn.net/v/t39.35426-6/301624739_645729860062346_4846071784567452097_n.jpg?stp=dst-jpg_s600x600&_nc_cat=108&ccb=1-7&_nc_sid=cf96c8&_nc_ohc=2dmfZmsnIFgAX_fSoub&_nc_ht=scontent.fktm6-1.fna&oh=00_AT_J9xIYxYcLXrQ6PQmzN8wjz_w1EKv8lKZnbeyWl1dbsQ&oe=6316C728,
2,dog,Active,"DOG BABY
Sponsored","üî•END OF SUMMER SALEüî•

Our best clothing, gear, and toys are 30% - 50% OFF. Get them while they're hot!

When they're gone, they're GONE üëãüèª",DOGBABYCOLLECTION.COM,ID: 495829252363624,"Started running on Sep 1, 2022",https://facebook.com/DOGBABYCollection,,https://video.fktm6-1.fna.fbcdn.net/v/t42.1790-2/303112069_495829289030287_2151545992920849071_n.?_nc_cat=109&ccb=1-7&_nc_sid=cf96c8&_nc_ohc=aEn2__fgXlQAX_Wc52j&_nc_ht=video.fktm6-1.fna&oh=00_AT_zXQfl6o8JkXAZiRnaI1siVeZ2wILR_6KDiEsIvny7Dw&oe=631185F8
3,dog,Active,"DOG BABY
Sponsored","üî•END OF SUMMER SALEüî•

Our best clothing, gear, and toys are 30% - 50% OFF. Get them while they're hot!

When they're gone, they're GONE üëãüèª",DOGBABYCOLLECTION.COM,ID: 419359576746289,"Started running on Sep 1, 2022",https://facebook.com/DOGBABYCollection,,https://video.fktm6-1.fna.fbcdn.net/v/t42.1790-2/304972849_419359616746285_6354115027616037462_n.?_nc_cat=109&ccb=1-7&_nc_sid=cf96c8&_nc_ohc=dUaVqmAr_mcAX9bETJi&_nc_ht=video.fktm6-1.fna&oh=00_AT8YYeEuvsKpNGtiqxpkf78b3BuVwRrFa37J2fmjVl5o0Q&oe=63118BFB
4,dog,Active,"LUCKY + DOG
Sponsored",We're pretty sure our beautiful collars will make your neighbor's dog jealous.,LUCKYPLUSDOG.COM,ID: 465762628571893,"Started running on Sep 1, 2022",https://facebook.com/luckyplusdog,https://scontent.fktm6-1.fna.fbcdn.net/v/t39.35426-6/297958730_794281415072517_5702315463837762584_n.jpg?stp=dst-jpg_s600x600&_nc_cat=107&ccb=1-7&_nc_sid=cf96c8&_nc_ohc=-Mhs0dDvJWIAX8POvO9&_nc_oc=AQlzzeFB3Z6oiE7jRdrcYk7XX_L8yF4i1d26rHLhQOcFiCZQ44RBIsRhBIemBiT1EKk&_nc_ht=scontent.fktm6-1.fna&oh=00_AT81D886QgPZBAJbXWK7z43gFYIIuMNT88NmtGQl4OIEyw&oe=63163416,
5,dog,Active,"Dog Heaven Co.
Sponsored","This blanket is better than my $125 dog bed and so comfortable!

Your dog is sure to love you after you click ‚ÄúSHOP NOW‚Äù",DOGHEAVEN.CO,ID: 3405310323025605,"Started running on Sep 1, 2022",https://facebook.com/DogHeaven.co,,https://video.fktm6-1.fna.fbcdn.net/v/t42.1790-2/304858060_3405310376358933_3564517268174966909_n.?_nc_cat=108&ccb=1-7&_nc_sid=cf96c8&_nc_ohc=GTGlvPscn2oAX8c8fh8&_nc_ht=video.fktm6-1.fna&oh=00_AT89er0yRiW-IaFbUxF8zSdYJdctgNHW7d40wuAsTJWhtg&oe=63118960
6,dog,Active,"Dog Heaven Co.
Sponsored","Introducing our popular Cloud Blanket üêæ

Cloud-like comfort for your dog while protecting furniture, car seats, dog beds, and other areas from pet hair, dirt, spills, and more!

Get the Cloud Blanket before we sell out here üëá",DOGHEAVEN.CO,ID: 3099662300278320,"Started running on Sep 1, 2022",https://facebook.com/DogHeaven.co,https://scontent.fktm6-1.fna.fbcdn.net/v/t39.35426-6/302052983_1704647786558958_6910640192714556165_n.jpg?stp=dst-jpg_s600x600&_nc_cat=108&ccb=1-7&_nc_sid=cf96c8&_nc_ohc=NbtEA5vvldQAX94Mm0_&_nc_ht=scontent.fktm6-1.fna&oh=00_AT_184I7KThLkNnmmChYthajaHukgqxyktb39Vq8bO0xZw&oe=6317051A,
7,dog,Active,"Dog Heaven Co.
Sponsored","ARE YOU A DOG LOVER?

Get cloud-like comfort for your dog all while protecting furniture, car seats, dog beds, and other areas from pet hair, dirt, spills, and more!

‚òÅÔ∏è Cloud-like comfort
üí¶ Machine washable
üê∂ Stress relief for your fur baby
üöó Portable place for your pup to lay down

Get the Cloud Blanket before we sell out here üëá",DOGHEAVEN.CO,ID: 796297161687759,"Started running on Sep 1, 2022",https://facebook.com/DogHeaven.co,,https://video.fktm6-1.fna.fbcdn.net/v/t42.1790-2/303104771_796297285021080_2247302972341862678_n.?_nc_cat=100&ccb=1-7&_nc_sid=cf96c8&_nc_ohc=vvQlQUktr48AX8VCRVs&_nc_ht=video.fktm6-1.fna&oh=00_AT_9DQqVyIGbL_3z7bGyWBNOTvswq7-eGwMMtso1_GGpdA&oe=6311870E
8,dog,Active,"Dog Heaven Co.
Sponsored","Introducing our popular Cloud Blanket üêæ

Cloud-like comfort for your dog while protecting furniture, car seats, dog beds, and other areas from pet hair, dirt, spills, and more!

Get the Cloud Blanket before we sell out here üëá",DOGHEAVEN.CO,ID: 753346852391145,"Started running on Sep 1, 2022",https://facebook.com/DogHeaven.co,,https://video.fktm6-1.fna.fbcdn.net/v/t42.1790-2/302576443_753346892391141_2232534514986329045_n.?_nc_cat=110&ccb=1-7&_nc_sid=cf96c8&_nc_ohc=zY_D7y3ns4YAX8HC5fF&_nc_ht=video.fktm6-1.fna&oh=00_AT-KQNPX0OYhErpBBtcEiEQiHG2RMDjXLNI6GaqtXqFu2Q&oe=6311860B
9,dog,Active,"Dog for dog
Sponsored","There's nothing better than soft and tasty snack üê∂
üë®‚Äçüî¨ Backed by science
‚ò∫Ô∏è Developed with care
üíØ Satisfaction guaranteed
‚ù§Ô∏è Every purchase feeds shelter dogs",DOGFORDOG.COM,ID: 377417197891488,"Started running on Sep 1, 2022",https://www.facebook.com/Dogfordog/,https://scontent.fktm6-1.fna.fbcdn.net/v/t39.35426-6/303051425_790285152165087_205346590119347275_n.jpg?stp=dst-jpg_s600x600&_nc_cat=101&ccb=1-7&_nc_sid=cf96c8&_nc_ohc=Vx65HCbzj6gAX_89lJ5&_nc_ht=scontent.fktm6-1.fna&oh=00_AT8pI7XavsUY_xYCwh3PzmDYF0jf-FLg2q5KCjKcgEXS7A&oe=6315BE25,
10,dog,Active,"Dog for dog
Sponsored","üê∂ Supports healthy immune system
üê∂ Fight loose stool and diarrhea
üê∂ Promote good gut function
üê∂ Enhance wellness
üê∂ Feed shelter dogs with every purchase",WWW.DOGFORDOG.COM,ID: 1441396106367640,"Started running on Sep 1, 2022",https://www.facebook.com/Dogfordog/,,https://video.fktm6-1.fna.fbcdn.net/v/t42.1790-2/10000000_773264767055038_3159680699121561557_n.?_nc_cat=108&ccb=1-7&_nc_sid=cf96c8&_nc_ohc=lVP1dgWGW8MAX8Tj4My&_nc_ht=video.fktm6-1.fna&oh=00_AT_HP4bYA1ovbFVZooNpgvLrphDeO0hYJ-uDybRySOOodw&oe=6311825B
11,dog,Active,"Lazy Dog Restaurant & Bar
Sponsored","Heat wave's comin' in hot. üî• Let us do the cooking! Order your faves, like this Campfire Pot Roast, and more through our site. Free delivery on orders over $25 (always)!",LAZYDOGRESTAURANTS.COM,ID: 1181969845681690,"Started running on Sep 1, 2022",https://www.facebook.com/LazyDogRestaurants/,https://scontent.fktm6-1.fna.fbcdn.net/v/t39.35426-6/301995505_1538049439947214_2970442464610050282_n.jpg?stp=dst-jpg_s600x600&_nc_cat=110&ccb=1-7&_nc_sid=cf96c8&_nc_ohc=92fWMM75oKoAX9LURa2&_nc_ht=scontent.fktm6-1.fna&oh=00_AT9jcripj0igT60P-Ytbh3aLoKUl4w5vhLH0UJs5ZT1rRQ&oe=63166EF3,
12,dog,Active,"Reynolds Dog Resort McMinnville
Sponsored",Schedule your pup's staycation with us today!,,ID: 491616622300407,"Started running on Sep 1, 2022",https://www.facebook.com/ReynoldsDogResortMcMinnville/,https://scontent.fktm6-1.fna.fbcdn.net/v/t39.35426-6/304761127_603541108037605_2842916511253731447_n.jpg?stp=dst-jpg_s600x600&_nc_cat=102&ccb=1-7&_nc_sid=cf96c8&_nc_ohc=f27IWLCWXioAX-22E-5&_nc_ht=scontent.fktm6-1.fna&oh=00_AT-OCHApw-vLh2AXL14z9F6uUYn26UndboNNp7yhr8K2KA&oe=6316265B,
13,dog,Active,"Baumutt
Sponsored",ùóúùó° . ùóüùóúùó°ùóò | ùó°ùóºùóª ùó£ùòÇùóπùóπ ùóóùóºùó¥ ùóõùóÆùóøùóªùó≤ùòÄùòÄ | ùó¶ùóßùó¢ùó£ ùòÜùóºùòÇùóø ùó±ùóºùó¥ ùóΩùòÇùóπùóπùó∂ùóªùó¥ ùóºùóª ùóπùó≤ùóÆùòÄùóµ | ùóßùóµùó≤ ùóúùóª ùóüùó∂ùóªùó≤ ùóµùóÆùóøùóªùó≤ùòÄùòÄ ùòÅùó≤ùóÆùó∞ùóµùó≤ùòÄ ùòÜùóºùòÇùóø ùóΩùòÇùóΩ ùòÅùóº ùòÑùóÆùóπùó∏ ùóÆùòÅ ùòÜùóºùòÇùóø ùòÄùó∂ùó±ùó≤,BAUMUTT.COM,ID: 785683409297347,"Started running on Sep 1, 2022",https://www.facebook.com/Baumutt/,https://scontent.fktm6-1.fna.fbcdn.net/v/t39.35426-6/302174456_1215110299246779_4235847892597346299_n.jpg?stp=dst-jpg_s600x600&_nc_cat=107&ccb=1-7&_nc_sid=cf96c8&_nc_ohc=J2CLJ2vL6BIAX_990Up&_nc_ht=scontent.fktm6-1.fna&oh=00_AT8-VScrvkadIJEwpv5WASuSJrEIZCk2fFlImS80qPcJeQ&oe=6316BF3F,
14,dog,Active,"What's Up Dog? Miramar Beach
Sponsored",Available in both locations - Premium Veterinarian Formulated Diets without a prescription. Make the switch and SAVE! @squarepet #squarepet,,ID: 576752290909153,"Started running on Aug 31, 2022",https://facebook.com/WhatsUpDogMiramarBeach,,https://video.fktm6-1.fna.fbcdn.net/v/t42.1790-2/10000000_576752357575813_2686862197950126227_n.?_nc_cat=109&ccb=1-7&_nc_sid=cf96c8&_nc_ohc=QFIlL1uRQ2YAX85SgOL&_nc_ht=video.fktm6-1.fna&oh=00_AT8hV5Og7WqhblfCepaFCIEEzzx2i0_tzM1vivhjFkJSZw&oe=63118B39
15,dog,Active,"Lazy Dog Restaurant & Bar
Sponsored","Heat wave's comin' in hot. üî• Let us do the cooking! Order your faves, like this Campfire Pot Roast, and more through our site. Free delivery on orders over $25 (always)!",LAZYDOGRESTAURANTS.COM,ID: 605440377967599,"Started running on Aug 31, 2022",https://www.facebook.com/LazyDogRestaurants/,https://scontent.fktm6-1.fna.fbcdn.net/v/t39.35426-6/300568177_741162633657078_3374159565697324345_n.jpg?stp=dst-jpg_s600x600&_nc_cat=110&ccb=1-7&_nc_sid=cf96c8&_nc_ohc=CmIQ8JXN26cAX-L98Wc&_nc_oc=AQmi9YOnASbYWbgTi1ElZT0vYXJoTP89VpquFBRd8JJ-5OanJHMk397LQ_SsiQHDxNc&_nc_ht=scontent.fktm6-1.fna&oh=00_AT_PGQNfHcqzcB49zxhHweoX208-wsAnCDa4-drYrP7T-A&oe=63162BD4,
16,dog,Active,"Lazy Dog Restaurant & Bar
Sponsored","Beat the heat + sip on an ice cold beer with us this Labor Day Weekend! üç∫‚òÄüòé All your faves (and A/C) are just a reservation away. See you soon!
_
21+. Drink responsibly.",,ID: 1070412770130468,"Started running on Aug 31, 2022",https://www.facebook.com/LazyDogRestaurants/,https://scontent.fktm6-1.fna.fbcdn.net/v/t39.35426-6/301729506_1182992458926924_4271883821711785080_n.jpg?stp=dst-jpg_s600x600&_nc_cat=110&ccb=1-7&_nc_sid=cf96c8&_nc_ohc=cMmcB30Qx_QAX9SpJab&_nc_ht=scontent.fktm6-1.fna&oh=00_AT-naM6NNLBs_mBEsIcFYqSTCunby0F2OfuV2qRrOgTe7w&oe=6315D3DA,
17,dog,Active,"The Whole Dog Journal
Sponsored",Avoid the dangerous ingredients found in popular dog foods. Learn more with our FREE guide.,,ID: 1148457882545552,"Started running on Aug 31, 2022",https://www.facebook.com/wholedogjournal/,https://scontent.fktm6-1.fna.fbcdn.net/v/t39.35426-6/302546852_648179113108400_1586881472523120005_n.jpg?stp=dst-jpg_s600x600&_nc_cat=111&ccb=1-7&_nc_sid=cf96c8&_nc_ohc=AE1boIjA5NkAX_5MmSc&_nc_ht=scontent.fktm6-1.fna&oh=00_AT-x6i6J0hwo2GtZ0fqk_XEreweEKSjZ4CLMfOnQRokCxg&oe=63175197,
18,dog,Active,"Proud Dog Parents
Sponsored","I had to cry when I read this....üò•
In Loving Memory of our Deceased Dogs üíñ
https://bit.ly/3RmJjNs",,ID: 1173127353242371,"Started running on Aug 31, 2022",https://www.facebook.com/Help.you.improve.your.dogs.health/,https://scontent.fktm6-1.fna.fbcdn.net/v/t39.35426-6/302560445_931687114305273_2190797988700749237_n.jpg?stp=dst-jpg_s600x600&_nc_cat=101&ccb=1-7&_nc_sid=cf96c8&_nc_ohc=Nk3xBkhLHpYAX9S8yzm&_nc_ht=scontent.fktm6-1.fna&oh=00_AT9wyF2s4zH9kR_06LD8hIgjEqzeuXkV9Hwxo2mNs0ZDBw&oe=6316DF2A,
19,dog,Active,"Natural Dog Company
Sponsored",,,ID: 761970691690763,"Started running on Aug 31, 2022",https://www.facebook.com/NaturalDogCompany/,,
20,dog,Active,"Reynolds Dog Resort McMinnville
Sponsored",All smiles here at Reynolds Dog Resort!,,ID: 1282260449248410,"Started running on Aug 31, 2022",https://www.facebook.com/ReynoldsDogResortMcMinnville/,https://scontent.fktm6-1.fna.fbcdn.net/v/t39.35426-6/301970150_646962886860117_3124665798746548118_n.jpg?stp=dst-jpg_s600x600&_nc_cat=101&ccb=1-7&_nc_sid=cf96c8&_nc_ohc=BFnYbSxWm0EAX9Nn_8L&_nc_ht=scontent.fktm6-1.fna&oh=00_AT-3X_1zaZ6fbNj-AguTNS06Ry7gxMD0uH8OsrswfDN_wA&oe=63174F4D,
21,dog,Active,"Proud Dog Parents
Sponsored","I had to cry when I read this....üò•
In Loving Memory of our Deceased Dogs üíñ
https://bit.ly/3RmJjNs",,ID: 888857642094894,"Started running on Aug 31, 2022",https://www.facebook.com/Help.you.improve.your.dogs.health/,https://scontent.fktm6-1.fna.fbcdn.net/v/t39.35426-6/302181883_600462941752684_7458569854155046493_n.jpg?stp=dst-jpg_s600x600&_nc_cat=109&ccb=1-7&_nc_sid=cf96c8&_nc_ohc=94vYhPf25WAAX_uTFxZ&_nc_ht=scontent.fktm6-1.fna&oh=00_AT-LOY1PFLS8OikcCbsUfATovam0mQjYaS1u4Wz-YTRuiw&oe=631712B1,
22,cat,Active,"Arctic Cat - Snowmobiles
Sponsored",It matters that you build vehicles that push boundaries. It also matters that you‚Äôre building a career you‚Äôre proud of.,JOBS.ARCTICCAT.COM,ID: 619125259770848,"Started running on Sep 1, 2022",https://www.facebook.com/arcticcat.snow/,https://scontent.fktm6-1.fna.fbcdn.net/v/t39.35426-6/300443420_1267461970756819_2213213731172633226_n.jpg?stp=dst-jpg_s600x600&_nc_cat=107&ccb=1-7&_nc_sid=cf96c8&_nc_ohc=dmy5tlIKo8oAX9Yo2Vt&_nc_ht=scontent.fktm6-1.fna&oh=00_AT8Zvk8-y3D7XFHb0l2VoFoNWJlaxuGC8DwevesGoZeV3w&oe=6315A9C3,
23,cat,Active,"Arctic Cat - Snowmobiles
Sponsored","Arctic Cat new hires are eligible to earn a $4,000 Sign-on Bonus! Positions start at $17/hr ‚Äì hiring immediately!",JOBS.ARCTICCAT.COM,ID: 624937785920969,"Started running on Sep 1, 2022",https://www.facebook.com/arcticcat.snow/,https://scontent.fktm6-1.fna.fbcdn.net/v/t39.35426-6/302445468_756551062303076_6815853468980921333_n.jpg?stp=dst-jpg_s600x600&_nc_cat=108&ccb=1-7&_nc_sid=cf96c8&_nc_ohc=fcFlnV95PhAAX9RTx61&_nc_ht=scontent.fktm6-1.fna&oh=00_AT8_ODhUnEbyjAgR-de_eiWU5DIsj7vkMZCoPIO2Wq1-rw&oe=63163C13,
24,cat,Active,"Arctic Cat - Snowmobiles
Sponsored","Arctic Cat new hires are eligible to earn a $4,000 Sign-on Bonus! Positions start at $17/hr ‚Äì hiring immediately!",JOBS.ARCTICCAT.COM,ID: 598044795356800,"Started running on Sep 1, 2022",https://www.facebook.com/arcticcat.snow/,https://scontent.fktm6-1.fna.fbcdn.net/v/t39.35426-6/301693473_480563033923136_4237321102724022774_n.jpg?stp=dst-jpg_s600x600&_nc_cat=110&ccb=1-7&_nc_sid=cf96c8&_nc_ohc=1z-JVEDq-cYAX_YDU2E&_nc_ht=scontent.fktm6-1.fna&oh=00_AT9btDX7SqHz7Gashxoem9oyC9_rmzvBNHGiNLbh-Qfe8A&oe=63163E70,
25,cat,Active,"Carolina Cat
Sponsored","Become a member of the Carolina Cat family. For nearly 100 years, we've served our neighbors in the Western North Carolina region. Join us.",CAROLINACAT.COM,ID: 751746312724785,"Started running on Sep 1, 2022",https://www.facebook.com/carolinacat/,https://scontent.fktm6-1.fna.fbcdn.net/v/t39.35426-6/304764447_1221271292045990_7161828755376105843_n.jpg?stp=dst-jpg_s600x600&_nc_cat=106&ccb=1-7&_nc_sid=cf96c8&_nc_ohc=OfOE2CieKuMAX-Z68Z5&_nc_ht=scontent.fktm6-1.fna&oh=00_AT-NOBgIWLrJIyzO2I482BwBtoy3zmXcn4G5hbJKDOs7zQ&oe=63167B0C,
26,cat,Active,"My cat
Sponsored",Easiest way to get a petüêà Raise your kitten in the gameüòª,PLAY.GOOGLE.COM,ID: 624946162300075,"Started running on Sep 1, 2022",https://www.facebook.com/MyCatApplication/,,https://video.fktm6-1.fna.fbcdn.net/v/t42.1790-2/301839817_1099005950750063_7421008153598542926_n.?_nc_cat=110&ccb=1-7&_nc_sid=cf96c8&_nc_ohc=3skp5kA5_iYAX9g6mJ7&_nc_ht=video.fktm6-1.fna&oh=00_AT9sbIkJfPbJrO25tom01C-3LrlvUESP6VuluvUvB19pYA&oe=63118EFF
27,cat,Active,"My cat
Sponsored",Easiest way to get a petüêà Raise your kitten in the gameüòª,PLAY.GOOGLE.COM,ID: 594834382249519,"Started running on Sep 1, 2022",https://www.facebook.com/MyCatApplication/,,https://video.fktm6-1.fna.fbcdn.net/v/t42.1790-2/302612096_616029519912320_8417194386543183226_n.?_nc_cat=104&ccb=1-7&_nc_sid=cf96c8&_nc_ohc=4L3v1KagNLIAX-MswH9&_nc_ht=video.fktm6-1.fna&oh=00_AT9-5j473gs_XHXFi-_PEXRWbVaekqp8XetaFlTK9P2gPA&oe=631182C0
28,cat,Active,"Cat Person
Sponsored","Cats are carnivores who need lots of meat. While big cat food brands put as little protein as possible in their recipes to call them ‚Äúchicken,‚Äù we pack as much protein as possible in every meal‚Äîat least 50% more than industry standards.",,ID: 1518094551961622,"Started running on Sep 1, 2022",https://www.facebook.com/catperson/,,https://video.fktm6-1.fna.fbcdn.net/v/t42.1790-2/302120903_1518094668628277_1496005829337214029_n.?_nc_cat=111&ccb=1-7&_nc_sid=cf96c8&_nc_ohc=Av4X0nJgRuUAX-b6y3f&_nc_ht=video.fktm6-1.fna&oh=00_AT-RKZlKPgD_zpPl1YU_RYj681ADvo__JN7bQe7N5Tr2Aw&oe=631186E2
29,cat,Active,"My cat
Sponsored",Easiest way to get a petüêà Raise your kitten in the gameüòª,PLAY.GOOGLE.COM,ID: 3243104639339622,"Started running on Sep 1, 2022",https://www.facebook.com/MyCatApplication/,,https://video.fktm6-1.fna.fbcdn.net/v/t42.1790-2/10000000_3215215162049927_1756821909364174964_n.?_nc_cat=104&ccb=1-7&_nc_sid=cf96c8&_nc_ohc=SNdNWmI5i04AX9mtfvz&_nc_ht=video.fktm6-1.fna&oh=00_AT_Ar743sapREXu1bSXb9I5PAAVgT48CxTL4jcMfrrgjFw&oe=63118F7F
30,cat,Active,"Carolina Cat
Sponsored",A rewarding new career is waiting for you as a Carolina Cat Technician. Our team means everything to our success and we‚Äôve made it our mission to support and care for every employee. It‚Äôs been a tradition in our family-owned business for nearly 100 years.,,ID: 779217816630269,"Started running on Sep 1, 2022",https://www.facebook.com/carolinacat/,,https://video.fktm6-1.fna.fbcdn.net/v/t42.1790-2/302074730_557198599534706_6681427083535359665_n.?_nc_cat=100&ccb=1-7&_nc_sid=cf96c8&_nc_ohc=50-3rG2s9CUAX-IyNcD&_nc_ht=video.fktm6-1.fna&oh=00_AT9tvagy5qH4QNITdF_rXfgkfn1yDOmnuiFU3F3MqMSTrg&oe=63118D18
31,cat,Active,"My cat
Sponsored",Easiest way to get a petüêà Raise your kitten in the gameüòª,PLAY.GOOGLE.COM,ID: 5252937504833735,"Started running on Sep 1, 2022",https://www.facebook.com/MyCatApplication/,,https://video.fktm6-1.fna.fbcdn.net/v/t42.1790-2/10000000_840509640662151_4392428918966883545_n.?_nc_cat=108&ccb=1-7&_nc_sid=cf96c8&_nc_ohc=wV61XyW9wF0AX-M0KZm&_nc_ht=video.fktm6-1.fna&oh=00_AT-CW8tR7-h2UIW9jxzMBT8vgje31IhHkN1_5Ycl8knKjA&oe=63118825
32,cat,Active,"Your Cat Backpack by Travel Cat
Sponsored","Because your special furriend deserves the best üê±

Travel Cat's Labor Day sale collection = $15 off üòª

Just use code LABORDAY22 & shop now!",,ID: 644455410399302,"Started running on Sep 1, 2022",https://www.facebook.com/yourcatbackpack/,https://scontent.fktm6-1.fna.fbcdn.net/v/t39.35426-6/302259895_403654938540658_1535529268289075849_n.jpg?stp=dst-jpg_s600x600&_nc_cat=111&ccb=1-7&_nc_sid=cf96c8&_nc_ohc=o7-uokHKVhUAX_ZWltK&_nc_ht=scontent.fktm6-1.fna&oh=00_AT_sPGCKx7AjcdVGZ1D-oqO3Ff8nqYgFxuRdxnGRYXqgXA&oe=6316B750,
33,cat,Active,"Your Cat Backpack by Travel Cat
Sponsored","Cat backpacks, beds, and harnesses - whatever you need, get it now! Shop Travel Cat's Labor Day sale collection for $15 off! Use code LABORDAY22 üêà",,ID: 566308351948215,"Started running on Sep 1, 2022",https://www.facebook.com/yourcatbackpack/,https://scontent.fktm6-1.fna.fbcdn.net/v/t39.35426-6/302182016_797995524982317_3620486885849493825_n.jpg?stp=dst-jpg_s600x600&_nc_cat=104&ccb=1-7&_nc_sid=cf96c8&_nc_ohc=j60kcSLADQ8AX8lijI6&_nc_oc=AQna-kb69T8mdFPAw_onF10mHt2GnL2ZvYZPIULNM2yMpbW_xFOkN2ek36rEGnz91wE&_nc_ht=scontent.fktm6-1.fna&oh=00_AT8DApkqKkiVx0oFz5PdGZF55UecZnRf5Uf1XMyXN4MnwA&oe=6315DBE7,
34,cat,Active,"Your Cat Backpack by Travel Cat
Sponsored",,YOURCATBACKPACK.COM,ID: 5645875158807903,"Started running on Sep 1, 2022",https://www.facebook.com/yourcatbackpack/,,https://video.fktm6-1.fna.fbcdn.net/v/t42.1790-2/302680524_1687335964985195_5978308753781331115_n.?_nc_cat=103&ccb=1-7&_nc_sid=cf96c8&_nc_ohc=ycfQLSgp_0IAX-2UdlX&_nc_ht=video.fktm6-1.fna&oh=00_AT-YxPq1daekCU_LyR57YNr2copSEFu7VYaHEOxptw5XPw&oe=63118D82
35,cat,Active,"Your Cat Backpack by Travel Cat
Sponsored",,,ID: 791973702251356,"Started running on Sep 1, 2022",https://www.facebook.com/yourcatbackpack/,https://scontent.fktm6-1.fna.fbcdn.net/v/t39.35426-6/301479890_620279602956145_2621192202446410338_n.jpg?stp=dst-jpg_s600x600&_nc_cat=107&ccb=1-7&_nc_sid=cf96c8&_nc_ohc=rQva01k3nq0AX_-ZWTi&_nc_ht=scontent.fktm6-1.fna&oh=00_AT9bJyNM2kfdaIYsKBUb_3OFxRVHJV4s7XevA7W5PzM5aA&oe=6315876D,
36,cat,Active,"Your Cat Backpack by Travel Cat
Sponsored",,YOURCATBACKPACK.COM,ID: 509740217626410,"Started running on Sep 1, 2022",https://www.facebook.com/yourcatbackpack/,,https://video.fktm6-1.fna.fbcdn.net/v/t42.1790-2/302226852_374003721604340_1551060346435831622_n.?_nc_cat=106&ccb=1-7&_nc_sid=cf96c8&_nc_ohc=sUfSo-V1uH0AX8UUeXa&_nc_ht=video.fktm6-1.fna&oh=00_AT9TUum4H7RNoHO-JMuy7aikpX9j-kL9xvhfxF3FcLaYHw&oe=631182B5
37,cat,Active,"Your Cat Backpack by Travel Cat
Sponsored",You'll find something you love here üêæ Shop the Travel Cat Labor Day sale collection & use code LABORDAY22 to get $15 off!,YOURCATBACKPACK.COM,ID: 1711900229180962,"Started running on Sep 1, 2022",https://www.facebook.com/yourcatbackpack/,https://scontent.fktm6-1.fna.fbcdn.net/v/t39.35426-6/300507559_1404154386760773_5031829806833860076_n.jpg?stp=dst-jpg_s600x600&_nc_cat=110&ccb=1-7&_nc_sid=cf96c8&_nc_ohc=t62_YIINbdsAX971KPD&_nc_ht=scontent.fktm6-1.fna&oh=00_AT9ejdXJc8winsUzobNGUThGPDWFLUgkLEi-EYfi_HnEYQ&oe=6315FBEF,
38,cat,Active,"Your Cat Backpack by Travel Cat
Sponsored",You'll find something you love here üêæ Shop the Travel Cat Labor Day sale collection & use code LABORDAY22 to get $15 off!,,ID: 477503957260505,"Started running on Sep 1, 2022",https://www.facebook.com/yourcatbackpack/,https://scontent.fktm6-1.fna.fbcdn.net/v/t39.35426-6/302241957_598005922047810_74578723810550335_n.jpg?stp=dst-jpg_s600x600&_nc_cat=110&ccb=1-7&_nc_sid=cf96c8&_nc_ohc=gp_2cYitGx0AX-590kh&_nc_ht=scontent.fktm6-1.fna&oh=00_AT-G3rvGuiHSRNCMepuZAMRtxFgkf0lmUlU7f4xQIiwERg&oe=63170BFA,
39,cat,Active,"Cat Person
Sponsored","Hear what cat parents are saying about our high-quality, high protein cat food.",CATPERSON.COM,ID: 452711443565239,"Started running on Sep 1, 2022",https://www.facebook.com/catperson/,https://scontent.fktm6-1.fna.fbcdn.net/v/t39.35426-6/302681281_486096766279341_318228592226645800_n.jpg?stp=dst-jpg_s600x600&_nc_cat=104&ccb=1-7&_nc_sid=cf96c8&_nc_ohc=us6AkKDYMFsAX-UackQ&_nc_ht=scontent.fktm6-1.fna&oh=00_AT9uxpLUmPTkP7NxgWkWNkAOfnT8E5v-nEd1O16xb6rHPw&oe=6315E369,
40,cat,Active,"Your Cat Backpack by Travel Cat
Sponsored","Tips for Harness Training üêæ

Want more tips on how to walk your cat and backpack train your cat?

üò∏yourcatbackpack.com/blog

Video via @travelcatmom

#travelcatlife #yourcatbackpack #adventurecat #travelcatshop #fatcatbackpack #catharness #catbackpack #catleash #walkyourcat",YOURCATBACKPACK.COM,ID: 402511031814021,"Started running on Aug 31, 2022",https://www.facebook.com/yourcatbackpack/,,https://video.fktm6-1.fna.fbcdn.net/v/t42.1790-2/10000000_599333895182862_236812351453733998_n.?_nc_cat=101&ccb=1-7&_nc_sid=cf96c8&_nc_ohc=tmCfeOgvhKAAX8bxzcc&_nc_ht=video.fktm6-1.fna&oh=00_AT9prjmrW9Fw9_XflCupW6kPFwsufUsm9EwO4RnNET7Ayg&oe=63118C9F
41,cat,Active,"Your Cat Backpack by Travel Cat
Sponsored","ùêñùêûùê•ùêúùê®ùê¶ùêû ùê≠ùê® ùê≠ùê°ùêû #ùüè ùêÇùêöùê≠ ùêìùê´ùêöùêØùêûùê• ùêÜùêûùêöùê´ ùêíùê¢ùê≠ùêû ùê¢ùêß ùê≠ùê°ùêû ùêñùê®ùê´ùê•ùêù!

Shop Now: https://yourcatbackpack.com/",YOURCATBACKPACK.COM,ID: 551422170090667,"Started running on Aug 31, 2022",https://www.facebook.com/yourcatbackpack/,,https://video.fktm6-1.fna.fbcdn.net/v/t42.1790-2/288358325_374670571314182_8947756775500167494_n.?_nc_cat=108&ccb=1-7&_nc_sid=cf96c8&_nc_ohc=fQtJ6PBctUsAX-JKYeH&_nc_ht=video.fktm6-1.fna&oh=00_AT9N3MZkEv8i02_SpDr9WWdD-M2zqgZ9zsaZ4fFg9gtV4A&oe=63118C39
42,cat,Active,"Your Cat Backpack by Travel Cat
Sponsored","This is your sign to get out & explore today! üêæüòΩ ‚Å£
‚Å£
‚Å£
@clementineandheathcliff ‚Å£
‚Å£
‚Å£
#yourcatbackpack #thefatcat #travelcatshop #getoutside #takeyourcatoutside #cats #catsofinstagram",YOURCATBACKPACK.COM,ID: 1411716515982302,"Started running on Aug 31, 2022",https://www.facebook.com/yourcatbackpack/,,https://video.fktm6-1.fna.fbcdn.net/v/t42.1790-2/10000000_639937344154852_1379301002197705389_n.?_nc_cat=105&ccb=1-7&_nc_sid=cf96c8&_nc_ohc=JHEuy6slXtYAX-MoMvt&_nc_ht=video.fktm6-1.fna&oh=00_AT9CRi5Rs4cpjCtnjEKFAoFOm10TqqZ09rSnBsqvHLse8A&oe=6311854E
43,cat,Active,"Your Cat Backpack by Travel Cat
Sponsored","ùêñùêûùê•ùêúùê®ùê¶ùêû ùê≠ùê® ùê≠ùê°ùêû #ùüè ùêÇùêöùê≠ ùêìùê´ùêöùêØùêûùê• ùêÜùêûùêöùê´ ùêíùê¢ùê≠ùêû ùê¢ùêß ùê≠ùê°ùêû ùêñùê®ùê´ùê•ùêù!

Shop Now: https://yourcatbackpack.com/",YOURCATBACKPACK.COM,ID: 794402045241236,"Started running on Aug 31, 2022",https://www.facebook.com/yourcatbackpack/,,https://video.fktm6-1.fna.fbcdn.net/v/t42.1790-2/289124110_1660635217646094_3134020467815527712_n.?_nc_cat=108&ccb=1-7&_nc_sid=cf96c8&_nc_ohc=5A8fPMlITK0AX9ulafg&_nc_ht=video.fktm6-1.fna&oh=00_AT9joDEa1beuO7huPlVtumLlCgXfzJx0XdJgTpldEngu1A&oe=6311825C
44,cat,Active,"Your Cat Backpack by Travel Cat
Sponsored","ùêñùêûùê•ùêúùê®ùê¶ùêû ùê≠ùê® ùê≠ùê°ùêû #ùüè ùêÇùêöùê≠ ùêìùê´ùêöùêØùêûùê• ùêÜùêûùêöùê´ ùêíùê¢ùê≠ùêû ùê¢ùêß ùê≠ùê°ùêû ùêñùê®ùê´ùê•ùêù!

Shop Now: https://yourcatbackpack.com/",YOURCATBACKPACK.COM,ID: 2253622891473363,"Started running on Aug 31, 2022",https://www.facebook.com/yourcatbackpack/,,https://video.fktm6-1.fna.fbcdn.net/v/t42.1790-2/289092340_435773481726880_8029900740384644211_n.?_nc_cat=111&ccb=1-7&_nc_sid=cf96c8&_nc_ohc=ryCuIWW5krsAX8I-oB6&_nc_ht=video.fktm6-1.fna&oh=00_AT9EsiVOnzVNhV02qv6vnro5GVN6zwjKZTnXTwU7EBOw_Q&oe=631184F4
45,cat,Active,"Cat Person
Sponsored","Cats are carnivores who need lots of meat. While big cat food brands put as little protein as possible in their recipes to call them ‚Äúchicken,‚Äù we pack as much protein as possible in every meal‚Äîat least 50% more than industry standards.",,ID: 814233606241347,"Started running on Aug 31, 2022",https://www.facebook.com/catperson/,,https://video.fktm6-1.fna.fbcdn.net/v/t42.1790-2/302108457_814233656241342_2639645835105351316_n.?_nc_cat=100&ccb=1-7&_nc_sid=cf96c8&_nc_ohc=LQUa9DosN9QAX-AW16S&_nc_ht=video.fktm6-1.fna&oh=00_AT_agnipNFbNK_mCztl2tZyXHGXmF1A3VL3QfqvVQoQA3w&oe=63118D99
46,cat,Active,"Carolina Cat
Sponsored","From residential construction and landscaping to road repair and agriculture, countless industries rely on the productivity of Cat¬Æ mini-excavators. That's why we are offering hassle-free financing for compact equipment through the end of the year.

Check out the specs below!",CAROLINACAT.COM,ID: 607707600857219,"Started running on Aug 30, 2022",https://www.facebook.com/carolinacat/,https://scontent.fktm6-1.fna.fbcdn.net/v/t39.35426-6/302526729_451417570263672_5371170388812376114_n.jpg?stp=dst-jpg_s600x600&_nc_cat=101&ccb=1-7&_nc_sid=cf96c8&_nc_ohc=17E89M24JPsAX9MqSjv&_nc_ht=scontent.fktm6-1.fna&oh=00_AT8-nuCEuYPpbzEEg-PjNS4jdKZjyr4knbniMkT1Oq5fCw&oe=6315967A,
47,cat,Active,"Cat Person
Sponsored","Cats are carnivores who need lots of meat. While big cat food brands put as little protein as possible in their recipes to call them ‚Äúchicken,‚Äù we pack as much protein as possible in every meal‚Äîat least 50% more than industry standards.",CATPERSON.COM,ID: 1719632018397661,"Started running on Aug 31, 2022",https://www.facebook.com/catperson/,,https://video.fktm6-1.fna.fbcdn.net/v/t42.1790-2/302468079_1719632098397653_7487893873869843164_n.?_nc_cat=110&ccb=1-7&_nc_sid=cf96c8&_nc_ohc=22L_ZC2QRPEAX9ypUIe&_nc_ht=video.fktm6-1.fna&oh=00_AT_SiStEdZbLm-5_dQYgEQVhWNVMMRMliSIrMei7iwAgqg&oe=63118328
48,cat,Active,"Cat Game
Sponsored",Collect cute cats and build a home for them!,PLAY.GOOGLE.COM,ID: 3196330444029071,"Started running on Aug 30, 2022",https://www.facebook.com/ilovecatgame/,,https://video.fktm6-1.fna.fbcdn.net/v/t42.1790-2/302034049_622224332717104_4059595338154399521_n.?_nc_cat=103&ccb=1-7&_nc_sid=cf96c8&_nc_ohc=b0b1CL46kEIAX9a828V&_nc_ht=video.fktm6-1.fna&oh=00_AT9qUKeAtb67BWgbzGvNfNu2Xqzc43ntaNqCLx9bdWFFmA&oe=631186A1
49,ball,Active,"Hairbanger's Ball
Sponsored","McCORDSVILLE! We're bringin' the 80's to Daniel's Vineyard on Fri. Sept. 9 ü§òü§© Jamming out hits by Motley Crue, Guns N' Roses, Poison, Bon Jovi, Def Leppard, & more!

Join this event page for more info & join the PARTY! üéâ",,ID: 4828986943868622,"Started running on Sep 1, 2022",https://facebook.com/hairbangersball,,https://video.fktm6-1.fna.fbcdn.net/v/t42.1790-2/302212302_4828987227201927_7372756789822459592_n.?_nc_cat=102&ccb=1-7&_nc_sid=cf96c8&_nc_ohc=0o45vXSH9xAAX9ruTD7&_nc_ht=video.fktm6-1.fna&oh=00_AT_XMwMDeu2o_qbY_Y7UE9IyXQQiUf--18oJltoGg8OdnA&oe=63118BCB
50,ball,Active,"Hairbanger's Ball
Sponsored","MOKENA! We're bringin' the 80's to JamosLive on Sat. Oct 1 ü§òü§© Jamming out hits by Motley Crue, Guns N' Roses, Poison, Bon Jovi, Def Leppard, & more!

Join this event page for more info & join the PARTY! üéâ",,ID: 462562025762569,"Started running on Sep 1, 2022",https://facebook.com/hairbangersball,,https://video.fktm6-1.fna.fbcdn.net/v/t42.1790-2/302105588_609815843889549_5282333619589360602_n.?_nc_cat=107&ccb=1-7&_nc_sid=cf96c8&_nc_ohc=4EK5bi5e7FUAX8vFJbq&_nc_ht=video.fktm6-1.fna&oh=00_AT8FoH9i69twX0ny-marpyw35JfjPthSSCZ4yo0RSqXNKQ&oe=631185EC
51,ball,Active,"Hairbanger's Ball
Sponsored","McCORDSVILLE! We're bringin' the 80's to Daniel's Vineyard on Fri. Sept. 9 ü§òü§© Jamming out hits by Motley Crue, Guns N' Roses, Poison, Bon Jovi, Def Leppard, & more!

Join this event page for more info & join the PARTY! üéâ",,ID: 1382783122128081,"Started running on Sep 1, 2022",https://facebook.com/hairbangersball,,https://video.fktm6-1.fna.fbcdn.net/v/t42.1790-2/305101483_1382783145461412_3716330347109714233_n.?_nc_cat=104&ccb=1-7&_nc_sid=cf96c8&_nc_ohc=Bjn5PHgUTN4AX_o7MV6&_nc_ht=video.fktm6-1.fna&oh=00_AT_kfQqbGjlyz6Uz2AtBUdOVM0dDmCKXPBn7SHHjlUBUsw&oe=63118867
52,ball,Active,"Hairbanger's Ball
Sponsored","HOFFMAN ESTATES! We're bringin' the 80's to Hideaway Brew Garden on Sat. Sept. 17 ü§òü§© Jamming out hits by Motley Crue, Guns N' Roses, Poison, Bon Jovi, Def Leppard, & more!

Join this event page for more info & join the PARTY! üéâ",,ID: 636570391131634,"Started running on Sep 1, 2022",https://facebook.com/hairbangersball,,https://video.fktm6-1.fna.fbcdn.net/v/t42.1790-2/301955394_5226782190781217_1477916761114027705_n.?_nc_cat=108&ccb=1-7&_nc_sid=cf96c8&_nc_ohc=r6Dmx9T-ZbYAX8KsWN_&_nc_ht=video.fktm6-1.fna&oh=00_AT9tHNToYkH_eWnr3d721tTX5irhbe8NxvYuO-uT3VDtTg&oe=6311841A
53,ball,Active,"Hairbanger's Ball
Sponsored","HOFFMAN ESTATES! We're bringin' the 80's to Hideaway Brew Garden on Sat. Sept. 17 ü§òü§© Jamming out hits by Motley Crue, Guns N' Roses, Poison, Bon Jovi, Def Leppard, & more!

Join this event page for more info & join the PARTY! üéâ",,ID: 418528993603119,"Started running on Sep 1, 2022",https://facebook.com/hairbangersball,,https://video.fktm6-1.fna.fbcdn.net/v/t42.1790-2/302247103_2171441713037646_158792341767078463_n.?_nc_cat=105&ccb=1-7&_nc_sid=cf96c8&_nc_ohc=Ax-myP314HkAX_HOc75&_nc_ht=video.fktm6-1.fna&oh=00_AT-le3mPRoJl-7vOJLw9zzCGBBguHrid8ojzJdD7V0m2KA&oe=63118A79
54,ball,Active,"Hairbanger's Ball
Sponsored","CORY, IN! We're bringin' the 80's to Bad Apple Saloon on Sat., Sept. 24 ü§òü§© Jamming out hits by Motley Crue, Guns N' Roses, Poison, Bon Jovi, Def Leppard, & more!

Join this event page for more info & join the PARTY! üéâ",,ID: 1019700795364417,"Started running on Sep 1, 2022",https://facebook.com/hairbangersball,,https://video.fktm6-1.fna.fbcdn.net/v/t42.1790-2/301995390_520392846440845_2411803463728634093_n.?_nc_cat=110&ccb=1-7&_nc_sid=cf96c8&_nc_ohc=X-e7RKA6-cMAX9iXiP8&_nc_ht=video.fktm6-1.fna&oh=00_AT-zzh_kathwgND0p5ywrLDiyDtpwwRPvsYkXJspU1zWVg&oe=631184F0
55,ball,Active,"Hairbanger's Ball
Sponsored","HOFFMAN ESTATES! We're bringin' the 80's to Hideaway Brew Garden on Sat. Sept. 17 ü§òü§© Jamming out hits by Motley Crue, Guns N' Roses, Poison, Bon Jovi, Def Leppard, & more!

Join this event page for more info & join the PARTY! üéâ",,ID: 1127258181535998,"Started running on Sep 1, 2022",https://facebook.com/hairbangersball,,https://video.fktm6-1.fna.fbcdn.net/v/t42.1790-2/303869250_575903384236587_4558525649689068798_n.?_nc_cat=110&ccb=1-7&_nc_sid=cf96c8&_nc_ohc=MTCy1fCBxzsAX8YP0VL&_nc_ht=video.fktm6-1.fna&oh=00_AT-F-a-W65sURcVKsyT_E4tTz8_OhiwpPKqmB6mqj_j6ew&oe=63118969
56,ball,Active,"Ball ColorLink
Sponsored","Winners in the industry, winners in your program, and winners for your customers. Add this year's nominated and award-winning varieties to your spring plug orders and kick off a successful growing season!üèÜ",BALLSEED.COM,ID: 633315504830922,"Started running on Sep 1, 2022",https://www.facebook.com/ballcolorlink/,https://scontent.fktm6-1.fna.fbcdn.net/v/t39.35426-6/301059823_403197738503438_1829700297668569203_n.jpg?stp=dst-jpg_s600x600&_nc_cat=102&ccb=1-7&_nc_sid=cf96c8&_nc_ohc=1Wc_GCuwajwAX8Ab-JD&_nc_ht=scontent.fktm6-1.fna&oh=00_AT-e1ee07yL83MxauOV76jlaZ9_PNhvYiK1Oqq2t0Hj86A&oe=63158694,
57,ball,Active,"Ball ColorLink
Sponsored","Between liners and tubers, Ball ColorLink has hundreds of dahlia varieties that will check all your boxes. Order your dahlias soon for the best product selection and get excited about a successful growing season!",BALLSEED.COM,ID: 3305573219701660,"Started running on Sep 1, 2022",https://www.facebook.com/ballcolorlink/,https://scontent.fktm6-1.fna.fbcdn.net/v/t39.35426-6/302333046_5583227348403369_3117077902358964084_n.jpg?stp=dst-jpg_s600x600&_nc_cat=110&ccb=1-7&_nc_sid=cf96c8&_nc_ohc=qq5hvzrjnSwAX9e09RE&_nc_ht=scontent.fktm6-1.fna&oh=00_AT88PBijZn9JTbPLdv63m07hZYF8z9FFBaeWpVFRd5UOtw&oe=63164252,
58,ball,Active,"Ball ColorLink
Sponsored","Outstanding in containers, landscapes, and cut flower arrangements- Early Bird Aquilegia is prized for its neat habit and unique colored flowers that bloom into the summer. With nine varieties to choose from, the Earlybird series will spark a new interest in Aquilegia!",BALLSEED.COM,ID: 610849967304546,"Started running on Sep 1, 2022",https://www.facebook.com/ballcolorlink/,https://scontent.fktm6-1.fna.fbcdn.net/v/t39.35426-6/301408507_608766810657730_3515463256098874386_n.jpg?stp=dst-jpg_s600x600&_nc_cat=103&ccb=1-7&_nc_sid=cf96c8&_nc_ohc=EEO5PQ6poA4AX84tI5f&_nc_ht=scontent.fktm6-1.fna&oh=00_AT-EcTjAyS-RCf75NktaOZtt8ZLWU_Inq0osQKGFL1qNFQ&oe=6316E2EE,
59,ball,Active,"Ball Kia
Sponsored","Fall Sales Start Now! Save Big Today üçÇüí∞
‚≠êÔ∏è‚≠êÔ∏è‚≠êÔ∏è‚≠êÔ∏è‚≠êÔ∏è 5 Stars for 5 Decades!
SHOP SALE >> https://bit.ly/33aTo8X",BALLKIA.COM,ID: 5466824643364846,"Started running on Sep 1, 2022",https://www.facebook.com/BallKiaMileofCars/,https://scontent.fktm6-1.fna.fbcdn.net/v/t39.35426-6/304855559_1253631405395707_7790460255293452987_n.jpg?stp=dst-jpg_s600x600&_nc_cat=105&ccb=1-7&_nc_sid=cf96c8&_nc_ohc=Xfnny-U-hw0AX9YDWO3&_nc_ht=scontent.fktm6-1.fna&oh=00_AT--o7La6a0zxy5EXitA0oDWZaWYxgBHfsPZVfzcmGGTkg&oe=63170D7B,
60,ball,Active,"Ball Toyota of Charleston
Sponsored",,,ID: 438249461668229,"Started running on Sep 1, 2022",https://www.facebook.com/BallToyotaWV/,,
61,ball,Active,"Ball Toyota of Charleston
Sponsored",,,ID: 5254945381284812,"Started running on Sep 1, 2022",https://www.facebook.com/BallToyotaWV/,,
62,ball,Active,"Work At Ball
Sponsored","Bring your quality management skills to our plant in Verona. We need people to help us keep our lines running with the quality we expect. If you're a keen problem solver with an eye for quality, click to check out the job!",JOBS.BALL.COM,ID: 1267723697371991,"Started running on Sep 1, 2022",https://www.facebook.com/WorkAtBall/,https://scontent.fktm6-1.fna.fbcdn.net/v/t39.35426-6/304836845_654909819315680_2340605459373257102_n.jpg?stp=dst-jpg_s600x600&_nc_cat=108&ccb=1-7&_nc_sid=cf96c8&_nc_ohc=D3UhlHHL_x4AX9A8qGY&_nc_ht=scontent.fktm6-1.fna&oh=00_AT_H6niwpKLMDcxuodpBrvA_2nwe6zGGlMKG_V1vQS6Ojw&oe=63163261,
63,ball,Active,"Hairbanger's Ball
Sponsored","CHICAGO! We're bringin' the 80's to Taste of Polonia Festival on Mon. Sept. 5 ü§òü§© Jamming out hits by Motley Crue, Guns N' Roses, Poison, Bon Jovi, Def Leppard, & more!

Join this event page for more info & join the PARTY! üéâ",,ID: 1041714253063038,"Started running on Aug 31, 2022",https://facebook.com/hairbangersball,,https://video.fktm6-1.fna.fbcdn.net/v/t42.1790-2/302384759_1041714273063036_4533562653160628470_n.?_nc_cat=100&ccb=1-7&_nc_sid=cf96c8&_nc_ohc=TyKhaMWVhf4AX_0ieW7&_nc_ht=video.fktm6-1.fna&oh=00_AT9MNKppuDnc7g0zmzN7HqAs-bI_0vGF414sHMRxPWPWQQ&oe=63118A27
64,ball,Active,"Hairbanger's Ball
Sponsored","CHICAGO! We're bringin' the 80's to Taste of Polonia Festival on Mon. Sept. 5 ü§òü§© Jamming out hits by Motley Crue, Guns N' Roses, Poison, Bon Jovi, Def Leppard, & more!

Join this event page for more info & join the PARTY! üéâ",,ID: 806540773918751,"Started running on Aug 31, 2022",https://facebook.com/hairbangersball,,https://video.fktm6-1.fna.fbcdn.net/v/t42.1790-2/302129815_806540817252080_1589884034829650593_n.?_nc_cat=109&ccb=1-7&_nc_sid=cf96c8&_nc_ohc=Nli8FlTZPqgAX9JcMPa&_nc_ht=video.fktm6-1.fna&oh=00_AT8y1EBAiWzOuo2-BfOQqD3e7pkqjIsSLTFxy_uilThCgQ&oe=63118EE4
65,ball,Active,"Hairbanger's Ball
Sponsored","CHICAGO! We're bringin' the 80's to Taste of Polonia Festival on Mon. Sept. 5 ü§òü§© Jamming out hits by Motley Crue, Guns N' Roses, Poison, Bon Jovi, Def Leppard, & more!

Join this event page for more info & join the PARTY! üéâ",,ID: 816026692757394,"Started running on Aug 31, 2022",https://facebook.com/hairbangersball,,https://video.fktm6-1.fna.fbcdn.net/v/t42.1790-2/301803994_816026719424058_2661124973054042379_n.?_nc_cat=110&ccb=1-7&_nc_sid=cf96c8&_nc_ohc=4hjtG6MChRwAX9OA_8k&_nc_ht=video.fktm6-1.fna&oh=00_AT9RpbByU0br4LOOmYE0JdT7O_g0DVDCTYvI6Acg1nzq3A&oe=6311860B
66,ball,Active,"Hairbanger's Ball
Sponsored","CHICAGO! We're bringin' the 80's to Taste of Polonia Festival on Mon. Sept. 5 ü§òü§© Jamming out hits by Motley Crue, Guns N' Roses, Poison, Bon Jovi, Def Leppard, & more!

Join this event page for more info & join the PARTY! üéâ",,ID: 951740516221308,"Started running on Aug 31, 2022",https://facebook.com/hairbangersball,https://scontent.fktm6-1.fna.fbcdn.net/v/t39.35426-6/303360558_1124249685108498_2969993459609958052_n.jpg?stp=dst-jpg_s600x600&_nc_cat=107&ccb=1-7&_nc_sid=cf96c8&_nc_ohc=P6M7lO28xtsAX9ZHcvx&_nc_ht=scontent.fktm6-1.fna&oh=00_AT8IUGkWlhEpyIiyYOusJBxDdVI7-CdX_Q_NJrzX1jhdBQ&oe=6315E039,
67,ball,Active,"BallSB
Sponsored","""Meet our new varieties!
Chrysanthemum
Week magic is happening and today we want to share with you some of our favorite #chrysanthemums for this season! ‚Å†

#chrysanthemum #chrysanthemumweek #florescolombianas #colombianflowers",INSTAGRAM.COM,ID: 1302072833662523,"Started running on Aug 31, 2022",https://www.facebook.com/ballcutflowers/,https://scontent.fktm6-1.fna.fbcdn.net/v/t39.35426-6/301618694_3139283373000605_751545512736398970_n.jpg?stp=dst-jpg_s600x600&_nc_cat=105&ccb=1-7&_nc_sid=cf96c8&_nc_aid=0&_nc_ohc=xd2NMO5ILgQAX8swUIx&_nc_ht=scontent.fktm6-1.fna&oh=00_AT_SDE-8PxzNRjECOtY7mXyAaHO4zLNGRjj3jI-HxGN1jg&oe=63173D49,
68,ball,Active,"Ball Arena
Sponsored","üéü SWEEPSTAKES for Alabama: Live In Concert üéü

We are giving away a pair of tickets to one lucky winner! Now's your chance to see Alabama with special guest Jamey Johnson on September 23! Sweepstakes ends on 9/2 at 5PM.

Enter below for a chance to win üéâ
üîó:",,ID: 1438303189999493,"Started running on Aug 29, 2022",https://www.facebook.com/ball.arena.denver/,https://scontent.fktm6-1.fna.fbcdn.net/v/t39.35426-6/302343167_509876047612557_4221427959002488018_n.jpg?stp=dst-jpg_s600x600&_nc_cat=103&ccb=1-7&_nc_sid=cf96c8&_nc_ohc=gne7VybSbBQAX9tSMoX&_nc_ht=scontent.fktm6-1.fna&oh=00_AT_g4iRklAM-YFiHlDYckPxSP8BEK6u8cv2xrX3YTKRp5g&oe=631724AA,
69,ball,Active,"Ball blast
Sponsored",,ITUNES.APPLE.COM,ID: 2947389958892635,"Started running on Aug 30, 2022",https://www.facebook.com/Ball-blast-345624232773752/,,https://video.fktm6-1.fna.fbcdn.net/v/t42.1790-2/302108387_2947390015559296_1799872173947248341_n.?_nc_cat=105&ccb=1-7&_nc_sid=cf96c8&_nc_ohc=EqLReiKAoDAAX_3w3QW&_nc_ht=video.fktm6-1.fna&oh=00_AT856cuRXzWRTHhKbBpKqSko9d3PydLVvpptwEq3OB2IoA&oe=631188C1
70,ball,Active,"BucketBall
Sponsored","BucketBall is the ultimate outdoor game. It is played like beer pong but on a larger scale and is family friendly for all ages.

-12 different color options.
-Multiple game balls for different game play options.
-Inflatable racks to play anywhere, even on water.
-FREE FAST SHIPPING!
-LIFETIME WARRANTY!

Order by 3PM EST Monday-Friday, ships same day.

Order now at:


Order on Amazon Prime:",BUCKETBALL.COM,ID: 1283731785698371,"Started running on Aug 31, 2022",https://www.facebook.com/playbucketball/,https://scontent.fktm6-1.fna.fbcdn.net/v/t39.35426-6/300023544_368205208846955_97265310546917116_n.jpg?stp=dst-jpg_s600x600&_nc_cat=103&ccb=1-7&_nc_sid=cf96c8&_nc_ohc=RY1jLYygEiwAX_32HWo&_nc_ht=scontent.fktm6-1.fna&oh=00_AT8hAOMjqI_IC8e3vBc6KwAiKjzDTBIFfiP_9_m5NwHjTg&oe=63158590,https://video.fktm6-1.fna.fbcdn.net/v/t42.1790-2/299510436_799515494806061_2465936065027083331_n.?_nc_cat=100&ccb=1-7&_nc_sid=cf96c8&_nc_ohc=mrasnB8uKSgAX9CcJZG&_nc_ht=video.fktm6-1.fna&oh=00_AT_QFbranGc5Ta78hLKBe4X9oEAgX_WNHojGx7DS0m0pmg&oe=6311886D
71,ball,Active,"BucketBall
Sponsored","Giant pong gameplay for the whole family! Order Monday-Friday before 3PM EST for FREE FAST SHIPPING!

-12 different color options.
-Multiple game balls for different game play options.
-Inflatable racks to play anywhere, even on water.
-LIFETIME WARRANTY!

Order by 3PM EST Monday-Friday, ships same day.

Order now at:


Order on Amazon Prime:",,ID: 633926304726330,"Started running on Aug 31, 2022",https://www.facebook.com/playbucketball/,,https://video.fktm6-1.fna.fbcdn.net/v/t42.1790-2/302466348_633926378059656_5049271793980329740_n.?_nc_cat=106&ccb=1-7&_nc_sid=cf96c8&_nc_ohc=Zg3oIpiXBCYAX9W0cyk&_nc_ht=video.fktm6-1.fna&oh=00_AT_zbVS-UrrR8UACn2UfN_EGjL3NbYCUJSvtIgxMmBzg7g&oe=63118CB6
72,ball,Active,"BucketBall
Sponsored","Giant pong gameplay for the whole family! Order Monday-Friday before 3PM EST for FREE FAST SHIPPING!

-12 different color options. 
-Multiple game balls for different game play options.
-Inflatable racks to play anywhere, even on water.
-LIFETIME WARRANTY!

Order by 3PM EST Monday-Friday, ships same day.

Order now at:


Order on Amazon Prime:",BUCKETBALL.COM,ID: 769543474371449,"Started running on Aug 31, 2022",https://www.facebook.com/playbucketball/,,https://video.fktm6-1.fna.fbcdn.net/v/t42.1790-2/10000000_769543564371440_906391398556888617_n.?_nc_cat=103&ccb=1-7&_nc_sid=cf96c8&_nc_ohc=jV9joWsGHsgAX-d8mZO&_nc_ht=video.fktm6-1.fna&oh=00_AT9X57whKFiYuIy9umQw0aD_2l9vg4NsnlR1aVsmX9olLg&oe=63118BC4
73,ball,Active,"BALL Watch Company
Sponsored","All-new tool, all-terrain toughness. https://shop.ballwatch.ch/ The Engineer III Outlier is a true GMT powered by our Manufacture GMT Caliber RRM7337-C. Encased in 904L steel measuring 40mm in diameter and only 13.8mm thick. With 1000 Gauss anti-magnetic protection and self-powered micro gas lights.

#toolwatch #904l #conquer #darkness #beyourself #ballwatch #lumewatch #explore #discovery #tough #journey #elite #chronometer #sapphire #watch #lettherebelight #swisswatch #engineer #outliner #maverick #marine #navy #airforce #gmtwatch",,ID: 2050461698483616,"Started running on Aug 30, 2022",https://www.facebook.com/BALLWatchCompany/,,https://video.fktm6-1.fna.fbcdn.net/v/t42.1790-2/299227839_831486634938221_1074526300924824626_n.?_nc_cat=108&ccb=1-7&_nc_sid=cf96c8&_nc_ohc=FqakAhAzxXcAX8zRmW0&_nc_ht=video.fktm6-1.fna&oh=00_AT8gQusbv59SMjaCLqI1vBMfso_W3QkuqYRcTILQsETWMA&oe=63118E75
74,ball,Active,"Skee-Ball
Sponsored","Work Hard, Play Harder!

Use code: LETSROLL to unlock FREE SHIPPING on all home Skee-Ball¬Æ alleys in honor of Labor Day!",SKEEBALL.SHOP/LABOR-DAY-SALE,ID: 773166857224365,"Started running on Aug 31, 2022",https://www.facebook.com/OfficialSkeeBall/,https://scontent.fktm6-1.fna.fbcdn.net/v/t39.35426-6/302283422_1197162244475063_8476433591172773771_n.jpg?stp=dst-jpg_s600x600&_nc_cat=103&ccb=1-7&_nc_sid=cf96c8&_nc_ohc=N5pxv8kw6Y8AX9jcz38&_nc_ht=scontent.fktm6-1.fna&oh=00_AT-K4kp-0G-XnGHqWIyQHu5Lmb3XikOI2iPgiV0XuVa_9w&oe=6316B5B0,
75,ball,Active,"Ball Equipment of Sandusky
Sponsored","NEW inventory has arrived, check out the Kubota compact tractor line-up and Landpride implement selection to maximize productivity, Call/Text (586) 430-1252 or shop online at https://www.ballequip.com/powersports-power-equipment-for-sale--xAllInventory?make=kubota&pg=1

We are located south of Sandusky on M-19 and open 6 days.",BALLEQUIP.COM,ID: 781149183079045,"Started running on Aug 30, 2022",https://www.facebook.com/BallEquipment/,https://scontent.fktm6-1.fna.fbcdn.net/v/t39.35426-6/302426279_445499130937742_6068021105403433078_n.jpg?stp=dst-jpg_s600x600&_nc_cat=110&ccb=1-7&_nc_sid=cf96c8&_nc_ohc=Kju_468Z7bYAX8vF38j&_nc_ht=scontent.fktm6-1.fna&oh=00_AT9FdAgxHpFSO7N6mSkgNk78Rm3ic3dgK7Mdirv9Uu8YUw&oe=63168C86,
76,ball,Active,"Ball Equipment of Richmond
Sponsored","It's official, we have opened a third store location in Birch Run, MI. The 26,000 square-foot facility located right off I-75 (formerly Shiawassee Sports Center) will be the new home of Ball Equipment. Read more about it here: ballequip.com/blog

We're very excited to be expanding the footprint of our family owned business of 78 years to the The Great Lakes Bay Region and surrounding areas. From off-road vehicles to lawn equipment, we're the one-stop shop for everything in dad's garage.

Follow the new store location at
Open Mon-Fri 9AM - 5PM and Sat 9AM - 2PM
Featured Brands: Polaris, Gravely, Ariens, Cub Cadet, Ferris & Billy Goat",,ID: 405472888342056,"Started running on Aug 30, 2022",https://www.facebook.com/BallEquipmentRichmond/,https://scontent.fktm6-1.fna.fbcdn.net/v/t39.35426-6/302486490_586355929643316_1735540727161173051_n.jpg?stp=dst-jpg_s600x600&_nc_cat=100&ccb=1-7&_nc_sid=cf96c8&_nc_ohc=daVSxSKwt3EAX9YxwP8&_nc_ht=scontent.fktm6-1.fna&oh=00_AT_bs8N9Zaj3xgEmDy2aYcBPOB_7YbG9cKOG8f7xbPZ-6g&oe=6316FC76,
77,ball,Active,"Ball Equipment of Sandusky
Sponsored","It's official, we have opened a third store location in Birch Run, MI. The 26,000 square-foot facility located right off I-75 (formerly Shiawassee Sports Center) will be the new home of Ball Equipment. Read more about it here: ballequip.com/blog

We're very excited to be expanding the footprint of our family owned business of 78 years to the The Great Lakes Bay Region and surrounding areas. From off-road vehicles to lawn equipment, we're the one-stop shop for everything in dad's garage.

Follow the new store location at
Open Mon-Fri 9AM - 5PM and Sat 9AM - 2PM
Featured Brands: Polaris, Gravely, Ariens, Cub Cadet, Ferris & Billy Goat",,ID: 1048217615872902,"Started running on Aug 30, 2022",https://www.facebook.com/BallEquipment/,https://scontent.fktm6-1.fna.fbcdn.net/v/t39.35426-6/302129105_769640680749462_166372935839398029_n.jpg?stp=dst-jpg_s600x600&_nc_cat=108&ccb=1-7&_nc_sid=cf96c8&_nc_ohc=00oInwY1svYAX8-TLBL&_nc_ht=scontent.fktm6-1.fna&oh=00_AT9yU8TzYlr0iJt5DYuK0XxeIgdoUd5mkl3naOwacqiwdQ&oe=6315F477,
78,ball,Active,"Work At Ball
Sponsored","Attention Machine Operators / Foundry Operators / Construction Workers! We are seeking individuals that want a challenge in an environment with extreme temperature fluctuations.
 
You will be working near molten metal while operating milling machinery.
 
Starting at $22.29 with greater earning potential at 6 and 12 months‚Äô employment!
 
You will need 2 years of manufacturing, industrial experience, or military. Strong candidates will have a mechanical mindset using tools, with a passion for troubleshooting and problem-solving. 
 
Earn an annual bonus, great benefits and 401k!
 
Explore opportunities to advance in a safe and welcoming environment.
 
Begin a new career at Ball. Know anyone who may be interested? Share this post with them.
 
*Please see the full job description for more details",JOBS.BALL.COM,ID: 445459884287808,"Started running on Aug 31, 2022",https://www.facebook.com/WorkAtBall/,https://scontent.fktm6-1.fna.fbcdn.net/v/t39.35426-6/302299817_578327954038421_7743191545081538329_n.jpg?stp=dst-jpg_s600x600&_nc_cat=105&ccb=1-7&_nc_sid=cf96c8&_nc_ohc=KTgEsXLy2aQAX_0wke5&_nc_ht=scontent.fktm6-1.fna&oh=00_AT99y7XzQlH3htgXfdAo9hmYw4Wlwc9Fo6_BprQP7i5gOw&oe=6316DBE2,
79,dragon,Active,"Dragon Treasures
Sponsored","üî•üî• Harness the Elements with our 50% OFF Dragon Sale! Choose either ICE, FIRE, or ACID ELEMENTALS. Sale is ending TODAY!‚ùÑÔ∏è‚ùÑÔ∏è
üöõ FREE SHIPPING
üïú LIMITED STOCK",,ID: 409255951118304,"Started running on Sep 1, 2022",https://www.facebook.com/dragontreasuresshop/,https://scontent.fktm6-1.fna.fbcdn.net/v/t39.35426-6/134990368_692615801326681_7147374501152604673_n.jpg?stp=dst-jpg_s600x600&_nc_cat=110&ccb=1-7&_nc_sid=cf96c8&_nc_ohc=CUasgUIPa9UAX8C76dd&_nc_ht=scontent.fktm6-1.fna&oh=00_AT-6r0t3Un2nTPyxVsgm9HtS3Hp5dg_jnJj4Qhc1KcaNtg&oe=6316A923,
80,dragon,Active,"Dragon Treasures
Sponsored","üî•üî• Harness the Elements with our 50% OFF HALLOWEEN SALE! Choose your ELEMENT. Sale is ending TODAY!‚ùÑÔ∏è‚ùÑÔ∏è
üöõ FREE SHIPPING
üïú LIMITED STOCK",DRAGONTREASURESSHOP.COM,ID: 786474665890486,"Started running on Sep 1, 2022",https://www.facebook.com/dragontreasuresshop/,https://scontent.fktm6-1.fna.fbcdn.net/v/t39.35426-6/301914130_1356990334834672_8496340508110867010_n.jpg?stp=dst-jpg_s600x600&_nc_cat=108&ccb=1-7&_nc_sid=cf96c8&_nc_ohc=8jHf7_BJUE0AX-Tj4KC&_nc_ht=scontent.fktm6-1.fna&oh=00_AT9ktNV_roj7Qy928i0m_x9ZFcX_aoOs7jhlnnoV6qV8-g&oe=63170A5D,
81,dragon,Active,"Blue Dragon Children's Foundation
Sponsored","15-year-old Tran left her village to look for a job in the city.

Instead of working in a restaurant as promised by a job broker, Tran was taken to a karaoke bar. Realising she was in danger, Tran ran away.

A former Blue Dragon kid saw Tran alone on the street and contacted us for help. Some food and a safe place to rest helped her recover before she received some advice on what to do next.

Now Tran is happy to be home with her mother. Next month, she will return to school and Blue Dragon will pay all the costs so she doesn‚Äôt have to worry about money.

You, too, can help Tran and other teens like her. Sign up for the Marathon Walk 2022, a global event organised in collaboration with our long-term partner @theintrepidfoundation . Every dollar you raise will give young people the chance of an education and training, keeping them safe from exploitation.",BDMARATHONWALK2022.RAISELY.COM,ID: 2070209196514802,"Started running on Sep 1, 2022",https://www.facebook.com/bluedragonvietnam/,https://scontent.fktm6-1.fna.fbcdn.net/v/t39.35426-6/303961993_654742629028321_7660749468470303955_n.jpg?stp=dst-jpg_s600x600&_nc_cat=109&ccb=1-7&_nc_sid=cf96c8&_nc_ohc=cfIMKVEdaBMAX-9GAUV&_nc_ht=scontent.fktm6-1.fna&oh=00_AT__A22Gv-BFcsJB4zDSAIVbd-1wBj-C6KF0FvWowUFMtQ&oe=6315831C,
82,dragon,Active,"Dragon Mania Legends
Sponsored","Collect, breed, and train 100s of dragons, on your very own dragon island! üèùÔ∏è‚ù§Ô∏è",PLAY.GOOGLE.COM,ID: 468331728481214,"Started running on Aug 31, 2022",https://www.facebook.com/DragonManiaLegends/,,https://video.fktm6-1.fna.fbcdn.net/v/t42.1790-2/302065791_468331855147868_5461290315053959754_n.?_nc_cat=104&ccb=1-7&_nc_sid=cf96c8&_nc_ohc=f0We3DR5zDEAX9K_fDd&_nc_ht=video.fktm6-1.fna&oh=00_AT_qpg_BUJDJ4e49pHFTxW85-ZFr9N90AcVRBw0Z5KQgmw&oe=63118882
83,dragon,Active,"Dragon Mania Legends
Sponsored","Collect, breed, and train 100s of dragons, on your very own dragon island! üèùÔ∏è‚ù§Ô∏è",PLAY.GOOGLE.COM,ID: 812570589736099,"Started running on Aug 31, 2022",https://www.facebook.com/DragonManiaLegends/,,https://video.fktm6-1.fna.fbcdn.net/v/t42.1790-2/10000000_812570763069415_4229815011892777064_n.?_nc_cat=108&ccb=1-7&_nc_sid=cf96c8&_nc_ohc=FM07_Wt4PKoAX-YVLFp&_nc_ht=video.fktm6-1.fna&oh=00_AT_TVazLOTxkgbnGEr3kR26p_bM2gu3WtVFkp-99K2fBbA&oe=6311856C
84,dragon,Active,"Dragon Mania Legends
Sponsored","Collect, breed, and train 100s of dragons, on your very own dragon island! üèùÔ∏è‚ù§Ô∏è",PLAY.GOOGLE.COM,ID: 806410884137376,"Started running on Aug 30, 2022",https://www.facebook.com/DragonManiaLegends/,,https://video.fktm6-1.fna.fbcdn.net/v/t42.1790-2/10000000_806411020804029_6403434113093455190_n.?_nc_cat=108&ccb=1-7&_nc_sid=cf96c8&_nc_ohc=SS71YbJCIFUAX-lXj2m&_nc_ht=video.fktm6-1.fna&oh=00_AT-oz6WKfOClHTM3uudn3ARyJHXf2vXR8Z2_i3Qq6tQIgA&oe=63118A99
85,dragon,Active,"Dragon Mania Legends
Sponsored","Collect, breed, and train 100s of dragons, on your very own dragon island! üèùÔ∏è‚ù§Ô∏è",PLAY.GOOGLE.COM,ID: 946003956174402,"Started running on Aug 30, 2022",https://www.facebook.com/DragonManiaLegends/,,https://video.fktm6-1.fna.fbcdn.net/v/t42.1790-2/302673320_946004019507729_1081915870686605657_n.?_nc_cat=103&ccb=1-7&_nc_sid=cf96c8&_nc_ohc=FGw5-NkThaMAX-TLuEl&_nc_ht=video.fktm6-1.fna&oh=00_AT8ZzZWJucPOVuNTJGuubupbQQ0m0ttx-PH1GfO_1RnS4A&oe=63118A55
86,dragon,Inactive,"Blue Dragon Children's Foundation
Sponsored","Chung and May are getting ready to walk!

Chung is one of the original founders of Blue Dragon in Vietnam, although these days he lives in Colorado where he runs a company and is raising his family. He's also the voluntary President of Blue Dragon USA.

Despite being far from Vietnam, Blue Dragon is always a cause close to his heart.
That's why he and his 9-year-old daughter May have signed up for the 2022 Marathon Walk!

On October 9, Chung and May will walk 21 km along the scenic High Line Canal Trail. For Chung and his family, this is a great way to help young people in Vietnam. By taking on the personal challenge of walking a half marathon, they will be raising money that keeps children and youth in school and training, where they are safe from human trafficking.

The Marathon Walk is organised in collaboration with our great friends at @theintrepidfoundation, and EVERY DOLLAR you raise goes to helping the kids.

Join Chung in this great event by signing up today!



And if you would like to encourage Chung and May, sponsor them here:



#BlueDragonMarathonWalk #Marathon #Walk #IntrepidFoundation #MakeADifference #HelpChildren",BDMARATHONWALK2022.RAISELY.COM,ID: 1520495735059412,"Aug 17, 2022 - Aug 18, 2022",https://www.facebook.com/bluedragonvietnam/,https://scontent.fktm6-1.fna.fbcdn.net/v/t39.35426-6/299743915_1282459425854941_2732916381976662743_n.jpg?stp=dst-jpg_s600x600&_nc_cat=105&ccb=1-7&_nc_sid=cf96c8&_nc_ohc=KNpAvaKL_BYAX9P2yyZ&_nc_ht=scontent.fktm6-1.fna&oh=00_AT9Xw_Yw3W-AMnhTke40Z0Tf48JFxDVmSDbc1NspZKm-BA&oe=6316D1D5,
87,dragon,Active,"Blue Dragon Children's Foundation
Sponsored","Emotionally overwhelmed, Hoa struggled to walk up the entrance to her house. 
Six years ago, Hoa left home for a high-paying job introduced by a friend. However, it turned out to be a trick. She was sold to a man in China as a bride and was held in captivity, unable to escape. 
This month, Blue Dragon rescued Hoa and accompanied her safely to her home in central Vietnam. Hoa is one of nine trafficking victims we‚Äôve helped in just the past two weeks.
After years of separation, Hoa and her family are now together again. 
Human trafficking tears families apart and leaves its victims with life-long scars. 
But you can help Hoa and other victims on their way to a brighter future. 
Join the Blue Dragon Marathon Walk 2022, organised by our amazing friends The Intrepid Foundation. Your walk of 42 kilometres (or 21 kilometres for a half-marathon!) will make a difference in the lives of children, women and men who have been trafficked into slavery. 
Wherever you are in the world, lace up your shoes and change lives on October 9!
Sign up here: bdmarathonwalk2022.raisely.com",BDMARATHONWALK2022.RAISELY.COM,ID: 1019798082041488,"Started running on Aug 25, 2022",https://www.facebook.com/bluedragonvietnam/,https://scontent.fktm6-1.fna.fbcdn.net/v/t39.35426-6/299725969_1151716525754478_6115590300438791736_n.jpg?stp=dst-jpg_s600x600&_nc_cat=108&ccb=1-7&_nc_sid=cf96c8&_nc_ohc=EjxQ99fJrWwAX9KWYn-&_nc_ht=scontent.fktm6-1.fna&oh=00_AT9wnnF9MRqt0EXXZtOMbdIUKQXOTGjYfMXoSb9wkEpWGQ&oe=6316CF3E,
88,dragon,Active,"Dragon City
Sponsored",üî•  Become the dragon master üî•,ITUNES.APPLE.COM,ID: 619514456548465,"Started running on Aug 19, 2022",https://www.facebook.com/DragonCity/,,https://video.fktm6-1.fna.fbcdn.net/v/t42.1790-2/300270648_619514653215112_6221746506062355543_n.?_nc_cat=110&ccb=1-7&_nc_sid=cf96c8&_nc_ohc=Kn9nl-v_vH0AX9HktFF&_nc_ht=video.fktm6-1.fna&oh=00_AT9p7BAWcS_5eb6pMpQoPvnAYEZXkoRRjFF4xfl5OUbCVA&oe=63118666
89,dragon,Active,"Dragon Ball Z Dokkan Battle
Sponsored","A worldwide campaign is on!
Super Saiyan Goku is here in DOKKAN BATTLE!",ITUNES.APPLE.COM,ID: 385105370365733,"Started running on Aug 28, 2022",https://www.facebook.com/dokkanbattle.dbz/,https://scontent.fktm6-1.fna.fbcdn.net/v/t39.35426-6/300451073_632498554880188_7603094154493362360_n.jpg?stp=dst-jpg_s600x600&_nc_cat=103&ccb=1-7&_nc_sid=cf96c8&_nc_ohc=FNMROFXgowkAX_JB7Wm&_nc_ht=scontent.fktm6-1.fna&oh=00_AT95O7abU0sAzf22MFabQ-JSkm4QWQa3qQE0KGdDWHEJpw&oe=631579C2,
90,dragon,Active,"Dragon Ball Z Dokkan Battle
Sponsored","A worldwide campaign is on!
Super Saiyan Goku is here in DOKKAN BATTLE!",ITUNES.APPLE.COM,ID: 568168364994903,"Started running on Aug 28, 2022",https://www.facebook.com/dokkanbattle.dbz/,,https://video.fktm6-1.fna.fbcdn.net/v/t42.1790-2/300893517_568168441661562_3351235683483534160_n.?_nc_cat=106&ccb=1-7&_nc_sid=cf96c8&_nc_ohc=0KBjsBvpNAYAX9lQ5O_&_nc_ht=video.fktm6-1.fna&oh=00_AT8Y3x4WdPjoRsnkp3TAvRe4_FoCRo-QyrDJvO2cuYzRXA&oe=631182B4
91,dragon,Active,"Dragon Ball Z Dokkan Battle
Sponsored","A worldwide campaign is on!
Cooler (Final Form) is here in DOKKAN BATTLE!",ITUNES.APPLE.COM,ID: 602374234675571,"Started running on Aug 28, 2022",https://www.facebook.com/dokkanbattle.dbz/,,https://video.fktm6-1.fna.fbcdn.net/v/t42.1790-2/300892168_602374298008898_2315009656650087693_n.?_nc_cat=106&ccb=1-7&_nc_sid=cf96c8&_nc_ohc=5MN6iu3W_UwAX-byTJO&_nc_ht=video.fktm6-1.fna&oh=00_AT9Z983tWgzrQKUXstcoumHop-fS-vUg2wiSXNRewaY9Fw&oe=63118FD8
92,dragon,Active,"Dragon Ball Z Dokkan Battle
Sponsored","Create Your Dream Team!
Your Favorite Dragon Ball Characters Are Here!",ITUNES.APPLE.COM,ID: 1425041431239634,"Started running on Aug 25, 2022",https://www.facebook.com/dokkanbattle.dbz/,,https://video.fktm6-1.fna.fbcdn.net/v/t42.1790-2/10000000_382546834056710_8888923579587902610_n.?_nc_cat=109&ccb=1-7&_nc_sid=cf96c8&_nc_ohc=a8NYdatauP4AX8wtkMR&_nc_ht=video.fktm6-1.fna&oh=00_AT_F4ahbVCQNKXHAn7dmmf5kP4VW1V-ZBZ8IjMHnZpn2pQ&oe=63118B3D
93,dragon,Active,"Dragon Ball Z Dokkan Battle
Sponsored","A worldwide campaign is on!
Cooler (Final Form) is here in DOKKAN BATTLE!",ITUNES.APPLE.COM,ID: 415980330636748,"Started running on Aug 28, 2022",https://www.facebook.com/dokkanbattle.dbz/,https://scontent.fktm6-1.fna.fbcdn.net/v/t39.35426-6/300766279_830203245024350_3264852616844723893_n.jpg?stp=dst-jpg_s600x600&_nc_cat=104&ccb=1-7&_nc_sid=cf96c8&_nc_ohc=PVrP45-KVQcAX9iByHX&_nc_ht=scontent.fktm6-1.fna&oh=00_AT-RWbyhg2erbA5JfvCviSAWsb_kzhFXPCJAp5Dwd9Lg7g&oe=6315D6D2,
94,dragon,Active,"Penny Dragon Games
Sponsored",üí• GET your Free DnD 5e Book NOW!,NEWSLETTER.PENNYDRAGON.GAMES,ID: 2403301983152553,"Started running on Aug 15, 2022",https://facebook.com/PennyDragonGames,https://scontent.fktm6-1.fna.fbcdn.net/v/t39.35426-6/299287861_747940946319646_7055806324241477236_n.jpg?stp=dst-jpg_s600x600&_nc_cat=110&ccb=1-7&_nc_sid=cf96c8&_nc_ohc=sxoyBfegiKwAX-NvhhJ&_nc_ht=scontent.fktm6-1.fna&oh=00_AT_ubKfwWBSNugqNh-sC-pH82z8Qxqp1ulnF5-zq4sVsMw&oe=631576E8,
95,dragon,Active,"Dragon Pharma
Sponsored",,,ID: 739053130545248,"Started running on Aug 8, 2022",https://www.facebook.com/dragonpharmalabs/,,
96,dragon,Active,"Dragon Pharma
Sponsored",,,ID: 473814710942032,"Started running on Aug 6, 2022",https://www.facebook.com/dragonpharmalabs/,,
97,dragon,Active,"Dragon Pharma
Sponsored",,,ID: 1124780231723955,"Started running on Aug 22, 2022",https://www.facebook.com/dragonpharmalabs/,,
98,dragon,Active,"Dragon Pharma
Sponsored",,,ID: 774772570234159,"Started running on Aug 6, 2022",https://www.facebook.com/dragonpharmalabs/,,
99,dragon,Active,"Red Dragon Montclair
Sponsored","üö®Attention Montclair area parents who want their child to EXCEL!üö®

Is your child ready for this upcoming school year?

Getting back to school can be difficult for kids after summer break üò©With zero focus and a TON of energy, you might be looking for an activity for your child to get them back into a routine and ready for the school year ü§ì üß†

What better way than through martial arts! üò≤

Prepare them with skills like FOCUS üëÄ and DISCIPLINE, to get good grades üíØ Help them gain CONFIDENCE to become safe and bully-proof üëç 

Parents and kids ‚ù§Ô∏è our Martial Arts program because it‚Äôs both PRODUCTIVE and FUN!

Ready to get started? ‚¨áÔ∏è 

For only $20, try out our program for 20 Days so you can see for yourself how awesome our program is üôåAs a bonus, we‚Äôll even throw in a FREE T-Shirt if you are one of the first 25 people to sign up ü•ã

Give your child the skills they need and watch them SOAR üöÄ this school year! 

Because of high demand, spots are limited so reserve yours now! 

Click the ""Get Offer"" button below to get started üëá

ü•ã Red Dragon Montclair
üìç 8660 Central Ave., Montclair, CA 91763
üì±(909) 920-5987",,ID: 1760983617567471,"Started running on Aug 24, 2022",https://www.facebook.com/rdkmontclair/,https://scontent.fktm6-1.fna.fbcdn.net/v/t39.35426-6/299678507_1184068072173427_8465224578951468150_n.jpg?stp=dst-jpg_s600x600&_nc_cat=106&ccb=1-7&_nc_sid=cf96c8&_nc_ohc=l8u5tYra3h4AX-tlrUg&_nc_ht=scontent.fktm6-1.fna&oh=00_AT8rE_C_3eNd_xpCOfbEkbh_D0Gs1Dq0g1odhFqBSDKqpg&oe=6315BFB3,
100,dragon,Active,"Red Dragon Montclair
Sponsored","üö®Attention Montclair area parents who want their child to EXCEL!üö®

Is your child ready for this upcoming school year?

Getting back to school can be difficult for kids after summer break üò©With zero focus and a TON of energy, you might be looking for an activity for your child to get them back into a routine and ready for the school year ü§ì üß†

What better way than through martial arts! üò≤

Prepare them with skills like FOCUS üëÄ and DISCIPLINE, to get good grades üíØ Help them gain CONFIDENCE to become safe and bully-proof üëç 

Parents and kids ‚ù§Ô∏è our Martial Arts program because it‚Äôs both PRODUCTIVE and FUN!

Ready to get started? ‚¨áÔ∏è 

For only $20, try out our program for 20 Days so you can see for yourself how awesome our program is üôåAs a bonus, we‚Äôll even throw in a FREE T-Shirt if you are one of the first 25 people to sign up ü•ã

Give your child the skills they need and watch them SOAR üöÄ this school year! 

Because of high demand, spots are limited so reserve yours now! 

Click the ""Get Offer"" button below to get started üëá

ü•ã Red Dragon Montclair
üìç 8660 Central Ave., Montclair, CA 91763
üì±(909) 920-5987",,ID: 5586072498110193,"Started running on Aug 19, 2022",https://www.facebook.com/rdkmontclair/,,https://video.fktm6-1.fna.fbcdn.net/v/t42.1790-2/300152754_5586072711443505_9022597592259552183_n.?_nc_cat=110&ccb=1-7&_nc_sid=cf96c8&_nc_ohc=LPQLj1GIeRUAX_jdvNU&_nc_ht=video.fktm6-1.fna&oh=00_AT_wOK2W2u2l5aUu2fdn19QzcZKmHSEhrbEzAhk8s3qXVA&oe=63118448
101,dragon,Active,"Red Dragon Montclair
Sponsored","üéâ ATTN: MONTCLAIR PARENTS - HUGE OPPORTUNITY! üéâ

We‚Äôre looking for 25 parents that are ready to help their child develop more confidence, athleticism, and focus during the summer!

Our program is designed to change your child‚Äôs life, but this is not a ‚Äúmagic pill‚Äù or ‚Äúgimmick‚Äù. We want to team up with you to help your child succeed.

It‚Äôs easier then ever! For only $20, your child will get access to our facility for 20 Daysü•ã

Reserve your spot NOW by clicking here:  üëç

ü•ã Red Dragon Montclair
‚õ© 8660 Central Ave., Montclair, CA 91763
üì±(909) 920-5987",,ID: 433863098671518,"Started running on Aug 11, 2022",https://www.facebook.com/rdkmontclair/,https://scontent.fktm6-1.fna.fbcdn.net/v/t39.35426-6/297539916_5252536728127099_5042103658407384031_n.jpg?stp=dst-jpg_s600x600&_nc_cat=108&ccb=1-7&_nc_sid=cf96c8&_nc_ohc=teckm8qti2gAX9NkvkO&_nc_ht=scontent.fktm6-1.fna&oh=00_AT-USxkxdUWYdhrd4AA13LTMYndHJG9fPH1yC4HDBZmg-A&oe=6316AEA1,
102,dragon,Active,"Black Dragon Martial Arts
Sponsored","Looking for the Best Martial Arts School in Murfreesboro? 

Take advantage of our 6 Week Introductory program and let us prove to you as to why so many parents chose Black Dragon Martial Arts for their kids. 

You can go to any karate school for your kids to learn how to throw a punch and a kick, 

However... 

Moms & Dads chose Black Dragon because of the Family Atmosphere, while providing a Safe, Structured Learning Environment. 

6 Week Introductory Special for ONLY $69.95, Plus Register NOW and get a FREE Uniform!

Simple to Register, just click the link below, or the LEARN MORE button, check out through our website and we will get you started!



If you have any questions, please Call us!

(615) 890-7879",BLACKDRAGONMA.COM,ID: 1250695782366461,"Started running on Jul 12, 2022",https://facebook.com/bdmatn,https://scontent.fktm6-1.fna.fbcdn.net/v/t39.35426-6/292342134_781426722893224_2509233682077211588_n.jpg?stp=dst-jpg_s600x600&_nc_cat=111&ccb=1-7&_nc_sid=cf96c8&_nc_ohc=ex8nvsMLqwoAX8ViUzp&_nc_ht=scontent.fktm6-1.fna&oh=00_AT_a5BOOwYBQt9dhFoGVFYIOwIeDjksHM2_GmR_B2bdxLA&oe=63160E09,
103,dragon,Active,"Bearded Dragon Hot Sauce
Sponsored","A simple way to add more FLAVOR to your meals ü§§
Sale going on TODAY ‚ùï‚ùóÔ∏è
Shop Now ‚û°Ô∏è www.beardeddragonhotsauce.com
Shop Now ‚û°Ô∏è www.beardeddragonhotsauce.com

Our Gourmet Hot Sauce:
‚ùé Only-Fresh Ingredients
‚ùé Vegetarian
‚ùé Incredible Flavor

Pairs well with
‚úñÔ∏èRice
‚úñÔ∏èSteak
‚úñÔ∏èEggs
‚úñÔ∏èAnd so. much. more.

Unleash The Feast with Bearded Dragonüëá",,ID: 446917360268954,"Started running on Jul 5, 2022",https://www.facebook.com/beardeddragonhotsauce/,,https://video.fktm6-1.fna.fbcdn.net/v/t42.1790-2/10000000_446917420268948_423411086305599491_n.?_nc_cat=107&ccb=1-7&_nc_sid=cf96c8&_nc_ohc=UE2b74iJuqkAX9IoKet&_nc_ht=video.fktm6-1.fna&oh=00_AT-o4l71LqPF2mBRHxg52UW08xkUQU2rq8vWUJbZ2OYvSA&oe=63118FA4
104,dragon,Active,"Bearded Dragon Hot Sauce
Sponsored","A simple way to add more FLAVOR to your meals ü§§
Sale going on TODAY ‚ùï‚ùóÔ∏è

Shop Now ‚û°Ô∏è www.beardeddragonhotsauce.com
Shop Now ‚û°Ô∏è

Our Gourmet Hot Sauce:
‚ùé Only-Fresh Ingredients
‚ùé Vegetarian
‚ùé Incredible Flavor

Pairs well with
‚úñÔ∏èRice
‚úñÔ∏èSteak
‚úñÔ∏èEggs
‚úñÔ∏èAnd so. much. more.

Unleash The Feast with Bearded Dragonüëá",,ID: 621822118941032,"Started running on Jul 5, 2022",https://www.facebook.com/beardeddragonhotsauce/,,https://video.fktm6-1.fna.fbcdn.net/v/t42.1790-2/10000000_621822172274360_355064995132568671_n.?_nc_cat=104&ccb=1-7&_nc_sid=cf96c8&_nc_ohc=-jKV3H30mWQAX_pPMs8&_nc_ht=video.fktm6-1.fna&oh=00_AT9OrgcS7hfPo2sZ4l6w0jbblsiypHBF5RLxx2gsCl1QCg&oe=63118CBD
105,dragon,Active,"Ace Dragon Coatings & Foam Inc.
Sponsored","Ace Dragon has your solution to seawall failure! Polyurethane resin will be able to fill the voids left by the relentless tide, making your structure safe again.

Polyurethane resin is:
‚úÖEfficiently installed, with minimal disruption
‚úÖQuick return-to-use time
‚úÖEnvironmentally friendly

Let's get that seawall fixed!",,ID: 3249821011958046,"Started running on Jun 17, 2022",https://facebook.com/AceDragonAlaska,,https://video.fktm6-1.fna.fbcdn.net/v/t42.1790-2/10000000_1380179509153434_8083622248645388973_n.?_nc_cat=109&ccb=1-7&_nc_sid=cf96c8&_nc_ohc=7sY4VsK7sFMAX_ZMpSS&_nc_ht=video.fktm6-1.fna&oh=00_AT8RoGC9UuuaZgK5pLIX2tYkolvWHY6N6QGbzgf5jmk2RQ&oe=63118CCF
106,dragon,Active,"Bubble Shooter Dragon Pop IOS Community
Sponsored",,ITUNES.APPLE.COM,ID: 381015640240214,"Started running on Sep 24, 2021",https://www.facebook.com/Bubble-Shooter-Dragon-Pop-IOS-Community-1462620127188017/,,https://video.fktm6-1.fna.fbcdn.net/v/t42.1790-2/10000000_381015713573540_2014583444298710961_n.?_nc_cat=110&ccb=1-7&_nc_sid=cf96c8&_nc_ohc=wwXZAyWAfEoAX9r5lZG&_nc_ht=video.fktm6-1.fna&oh=00_AT9a8G8a0JL59H8R7YM8ndzHTgg1_3SKfbVaWdK3bHjF7w&oe=63118D66
107,dragon,Inactive,"Blue Dragon Children's Foundation
Sponsored","A rapid intervention saved two high school girls who were about to be trafficked into China.

The girls come from remote Dien Bien province, which shares a long, mountainous border with China. The traffickers planned to smuggle the two teenagers into China 1,000 kilometres away from their hometown, and managed to get the girls on a bus headed towards a distant border crossing.

When Blue Dragon learned about this, a frantic chain of events began. In collaboration with the local authorities, we were able to intercept the bus, follow it and stop it, right before the border crossing.

Blue Dragon is now providing emergency assistance for the two girls and will ensure they have everything they need to recover, reunite with their families and stay safe.

The crisis created by the coronavirus pandemic has made girls and women in poor rural areas more vulnerable to human trafficking. The tougher the financial struggles, the more likely potential victims are to follow traffickers under false promises of high-paying jobs and better lives.

But Blue Dragon remains vigilant. To read more about what Blue Dragon is already doing to rebuild after Covid-19 and keep women and girls safe from traffickers, click here:",,ID: 285621479492592,"May 29, 2020 - May 30, 2020",https://www.facebook.com/bluedragonvietnam/,https://scontent.fktm6-1.fna.fbcdn.net/v/t39.35426-6/122132191_1794716544031644_59952533580659225_n.jpg?stp=dst-jpg_s600x600&_nc_cat=105&ccb=1-7&_nc_sid=cf96c8&_nc_ohc=uGS5vDTSrYEAX9k3xun&_nc_ht=scontent.fktm6-1.fna&oh=00_AT88r3uQyXDZvkv2FN1F5o-DYLivq4dzDrutefNgKQsVRA&oe=63163C34,
108,dragon,Inactive,"Dragon Mania Legends
Sponsored","Help CARE in its fight against poverty by playing Dragon Mania Legends and unlocking exclusive new dragons!
Support your favorite influencer to win exclusive dragons! The event is available on April 8th - 18th!",,ID: 2316617325025563,"Apr 8, 2019 - Apr 17, 2019",https://www.facebook.com/DragonManiaLegends/,,https://video.fktm6-1.fna.fbcdn.net/v/t42.9040-2/57158221_2173019489585426_351424613684609024_n.mp4?_nc_cat=101&ccb=1-7&_nc_sid=cf96c8&_nc_ohc=rmVW43hohiYAX_lujJ3&_nc_ht=video.fktm6-1.fna&oh=00_AT8DievaEAYrn3ggsz9sbvuU9M9arVcM8TDJpTXofrCUZA&oe=631186D5
